{
                                                 "d14": 7.285524999999985, 
                                                 "d15": 10.094104000000012, 
                                                 "d16": 7.544103999999987, 
                                                 "d17": 5.811261999999993, 
                                                 "d76": 1.7535525000000007, 
                                                 "d11": [], 
                                                 "d12": 2.962131499999998, 
                                                 "d13": 4.565683999999993, 
                                                 "d36": 12.822524000000033, 
                                                 "d37": 14.277550500000055, 
                                                 "d34": 2.7414209999999986, 
                                                 "d35": 5.632841999999989, 
                                                 "d32": 1.7071050000000008, 
                                                 "d33": [], 
                                                 "d31": 4.565683999999993, 
                                                 "d51": 10.218367000000013, 
                                                 "d52": 7.359787999999984, 
                                                 "d53": 5.632841999999989, 
                                                 "d54": 2.953552499999998, 
                                                 "d55": [], 
                                                 "d56": 6.35268299999999, 
                                                 "d57": 7.961261999999984, 
                                                 "d72": 9.137603499999996, 
                                                 "d73": 9.575472000000007, 
                                                 "d65": 6.8698409999999885, 
                                                 "d71": 5.284920499999989, 
                                                 "d64": 13.738208000000053, 
                                                 "d67": 1.7535525000000007, 
                                                 "d75": 8.085524999999983, 
                                                 "d66": [], 
                                                 "d74": 11.71541900000002, 
                                                 "d21": 2.962131499999998, 
                                                 "d47": 11.184051000000016, 
                                                 "d23": 1.7071050000000008, 
                                                 "d22": [], 
                                                 "d25": 6.738472999999984, 
                                                 "d24": 3.929893999999993, 
                                                 "d27": 7.930498499999982, 
                                                 "d26": 9.621919500000004, 
                                                 "d63": 11.503287500000033, 
                                                 "d43": 2.7414209999999986, 
                                                 "d42": 4.054157, 
                                                 "d41": 6.912735999999988, 
                                                 "d62": 11.065419000000018, 
                                                 "d61": 7.017762499999982, 
                                                 "d46": 9.699735, 
                                                 "d45": 2.953552499999998, 
                                                 "d44": []
}