{
                                                                                                    "d38": 12.435525000000041, 
                                                                                                    "d39": 18.2038920000001, 
                                                                                                    "d36": 7.486998999999986, 
                                                                                                    "d37": 9.023393499999994, 
                                                                                                    "d34": 3.3313679999999968, 
                                                                                                    "d35": 6.069840999999987, 
                                                                                                    "d32": 4.120710499999993, 
                                                                                                    "d33": [], 
                                                                                                    "d31": 8.959787999999989, 
                                                                                                    "d110": 6.336998999999986, 
                                                                                                    "d810": 6.2035524999999865, 
                                                                                                    "d49": 14.736734000000073, 
                                                                                                    "d48": 9.429894000000003, 
                                                                                                    "d43": 3.3313679999999968, 
                                                                                                    "d42": 7.431367999999982, 
                                                                                                    "d41": 7.695577999999987, 
                                                                                                    "d47": 6.01776249999999, 
                                                                                                    "d46": 4.274262999999993, 
                                                                                                    "d45": 3.064209999999999, 
                                                                                                    "d44": [], 
                                                                                                    "d101": 6.336998999999994, 
                                                                                                    "d103": 16.090286500000087, 
                                                                                                    "d102": 9.4121315, 
                                                                                                    "d105": 9.738208000000009, 
                                                                                                    "d104": 12.493839000000039, 
                                                                                                    "d107": 8.307709499999993, 
                                                                                                    "d106": 9.846182500000014, 
                                                                                                    "d109": 2.924262999999998, 
                                                                                                    "d610": 10.455366000000012, 
                                                                                                    "d510": 9.986734000000009, 
                                                                                                    "d58": 6.386394499999986, 
                                                                                                    "d59": 11.693234500000033, 
                                                                                                    "d210": 9.4121315, 
                                                                                                    "d51": 4.857104999999992, 
                                                                                                    "d52": 10.664814500000018, 
                                                                                                    "d53": 6.099130499999992, 
                                                                                                    "d54": 2.8278154999999985, 
                                                                                                    "d55": [], 
                                                                                                    "d56": 1.8813680000000006, 
                                                                                                    "d57": 2.974262999999998, 
                                                                                                    "d69": 11.986129500000038, 
                                                                                                    "d68": 5.147051999999989, 
                                                                                                    "d65": 1.8813680000000006, 
                                                                                                    "d64": 4.274262999999993, 
                                                                                                    "d67": 1.7349204999999996, 
                                                                                                    "d66": [], 
                                                                                                    "d61": 5.876341499999986, 
                                                                                                    "d63": 9.091155999999996, 
                                                                                                    "d62": 12.056840000000037, 
                                                                                                    "d89": 3.341420999999997, 
                                                                                                    "d88": [], 
                                                                                                    "d87": 3.432841999999997, 
                                                                                                    "d86": 5.147051999999989, 
                                                                                                    "d85": 6.386394499999986, 
                                                                                                    "d84": 9.193499499999996, 
                                                                                                    "d83": 15.527550500000078, 
                                                                                                    "d82": 15.65978800000009, 
                                                                                                    "d81": 11.880498500000028, 
                                                                                                    "d72": 11.122524000000029, 
                                                                                                    "d73": 12.115419000000031, 
                                                                                                    "d71": 5.414814499999993, 
                                                                                                    "d76": 1.7349204999999996, 
                                                                                                    "d77": [],