{
                                                                                                    "d38": 5.82339349999999, 
                                                                                                    "d39": 7.681972499999984, 
                                                                                                    "d36": 3.3763414999999957, 
                                                                                                    "d37": 2.0106575000000007, 
                                                                                                    "d34": 4.892025499999989, 
                                                                                                    "d35": 6.004761499999987, 
                                                                                                    "d32": 1.7535525000000007, 
                                                                                                    "d33": [], 
                                                                                                    "d31": 4.684920499999994, 
                                                                                                    "d110": 8.81689299999999, 
                                                                                                    "d810": 4.362131499999993, 
                                                                                                    "d49": 18.103892000000105, 
                                                                                                    "d48": 11.977550500000023, 
                                                                                                    "d43": 5.016288499999997, 
                                                                                                    "d42": 3.3420255000000014, 
                                                                                                    "d41": 7.102682999999982, 
                                                                                                    "d47": 6.426341499999987, 
                                                                                                    "d46": 1.5363945000000006, 
                                                                                                    "d45": 2.141421000000001, 
                                                                                                    "d44": [], 
                                                                                                    "d101": 14.19470850000005, 
                                                                                                    "d103": 10.454761500000014, 
                                                                                                    "d102": 12.021919500000037, 
                                                                                                    "d105": 16.066023500000064, 
                                                                                                    "d104": 15.118971500000068, 
                                                                                                    "d107": 8.464814499999987, 
                                                                                                    "d106": 13.60328750000005, 
                                                                                                    "d109": 2.4207104999999998, 
                                                                                                    "d610": 14.136734000000056, 
                                                                                                    "d510": 17.955970500000088, 
                                                                                                    "d58": 12.310392500000026, 
                                                                                                    "d59": 19.55891850000012, 
                                                                                                    "d210": 13.92312850000005, 
                                                                                                    "d51": 8.557709499999989, 
                                                                                                    "d52": 4.5183670000000005, 
                                                                                                    "d53": 6.046182499999994, 
                                                                                                    "d54": 2.141421000000001, 
                                                                                                    "d55": [], 
                                                                                                    "d56": 3.1006044999999975, 
                                                                                                    "d57": 7.456235499999989, 
                                                                                                    "d69": 16.093234500000083, 
                                                                                                    "d68": 10.220445500000007, 
                                                                                                    "d65": 3.0591834999999956, 
                                                                                                    "d64": 1.5363945000000006, 
                                                                                                    "d67": 4.827815499999991, 
                                                                                                    "d66": [], 
                                                                                                    "d61": 5.0920254999999965, 
                                                                                                    "d63": 3.4177624999999945, 
                                                                                                    "d62": 1.743499499999999, 
                                                                                                    "d89": 1.962131500000001, 
                                                                                                    "d88": [], 
                                                                                                    "d87": 3.5434994999999954, 
                                                                                                    "d86": 8.681972499999992, 
                                                                                                    "d85": 11.751813500000024, 
                                                                                                    "d84": 10.197656500000013, 
                                                                                                    "d83": 5.533446499999993, 
                                                                                                    "d82": 7.100604499999986, 
                                                                                                    "d81": 9.921919500000007, 
                                                                                                    "d72": 3.5778154999999963, 
                                                                                                    "d73": 2.0106575000000007, 
                                                                                                    "d71": 5.916288499999991, 
                                                                                                    "d76": 5.076341499999991, 
                                                                                                    "d77": [],