{
                                                                                                    "d38": 10.698261000000011, 
                                                                                                    "d39": 8.935524999999997, 
                                                                                                    "d36": 12.822524000000033, 
                                                                                                    "d37": 14.277550500000055, 
                                                                                                    "d34": 2.7414209999999986, 
                                                                                                    "d35": 5.632841999999989, 
                                                                                                    "d32": 1.7071050000000008, 
                                                                                                    "d33": [], 
                                                                                                    "d31": 4.565683999999993, 
                                                                                                    "d110": 4.107709499999995, 
                                                                                                    "d810": 1.5399470000000004, 
                                                                                                    "d49": 10.83907750000002, 
                                                                                                    "d48": 12.718971500000036, 
                                                                                                    "d43": 2.7414209999999986, 
                                                                                                    "d42": 4.054157, 
                                                                                                    "d41": 6.912735999999988, 
                                                                                                    "d47": 11.184051000000016, 
                                                                                                    "d46": 9.699735, 
                                                                                                    "d45": 2.953552499999998, 
                                                                                                    "d44": [], 
                                                                                                    "d101": 4.149130499999997, 
                                                                                                    "d103": 8.404156999999985, 
                                                                                                    "d102": 7.090551499999988, 
                                                                                                    "d105": 15.55389200000007, 
                                                                                                    "d104": 12.05831400000003, 
                                                                                                    "d107": 7.099130499999986, 
                                                                                                    "d106": 8.831972499999994, 
                                                                                                    "d109": 1.6399470000000005, 
                                                                                                    "d610": 9.329024499999997, 
                                                                                                    "d510": 14.346787000000052, 
                                                                                                    "d58": 15.658918500000063, 
                                                                                                    "d59": 14.144708500000059, 
                                                                                                    "d210": 7.380498499999988, 
                                                                                                    "d51": 10.218367000000013, 
                                                                                                    "d52": 7.359787999999984, 
                                                                                                    "d53": 5.632841999999989, 
                                                                                                    "d54": 2.953552499999998, 
                                                                                                    "d55": [], 
                                                                                                    "d56": 6.35268299999999, 
                                                                                                    "d57": 7.961261999999984, 
                                                                                                    "d69": 9.665419000000004, 
                                                                                                    "d68": 10.72399800000001, 
                                                                                                    "d65": 6.8698409999999885, 
                                                                                                    "d64": 13.738208000000053, 
                                                                                                    "d67": 1.7535525000000007, 
                                                                                                    "d66": [], 
                                                                                                    "d61": 7.017762499999982, 
                                                                                                    "d63": 11.503287500000033, 
                                                                                                    "d62": 11.065419000000018, 
                                                                                                    "d89": 2.620710499999999, 
                                                                                                    "d88": [], 
                                                                                                    "d87": 9.818367000000004, 
                                                                                                    "d86": 10.35120900000001, 
                                                                                                    "d85": 18.173128500000093, 
                                                                                                    "d84": 13.594708500000046, 
                                                                                                    "d83": 10.006235500000015, 
                                                                                                    "d82": 8.692629999999996, 
                                                                                                    "d81": 5.751208999999995, 
                                                                                                    "d72": 9.137603499999996, 
                                                                                                    "d73": 9.575472000000007, 
                                                                                                    "d71": 5.284920499999989, 
                                                                                                    "d76": 1.7535525000000007, 
                                                                                                    "d77": [],