{
                                    "d14": 8.999130499999998, 
                                    "d15": 7.5491304999999835, 
                                    "d16": 4.282841999999993, 
                                    "d11": [], 
                                    "d12": 1.2621315000000004, 
                                    "d13": 6.14055149999999, 
                                    "d36": 10.461262000000016, 
                                    "d34": 3.2156839999999973, 
                                    "d35": 7.348525999999983, 
                                    "d32": 4.792025499999997, 
                                    "d33": [], 
                                    "d31": 5.9334464999999925, 
                                    "d51": 13.304761500000048, 
                                    "d52": 12.14618250000003, 
                                    "d53": 7.348525999999983, 
                                    "d54": 4.153552499999994, 
                                    "d55": [], 
                                    "d56": 3.4414209999999965, 
                                    "d65": 3.4414209999999965, 
                                    "d64": 13.558314000000049, 
                                    "d21": 1.2621315000000004, 
                                    "d23": 4.692025499999993, 
                                    "d22": [], 
                                    "d25": 8.861261999999993, 
                                    "d24": 7.557709499999983, 
                                    "d26": 5.4414209999999885, 
                                    "d63": 10.792630000000017, 
                                    "d43": 3.2156839999999973, 
                                    "d42": 7.640551499999981, 
                                    "d41": 8.916288499999993, 
                                    "d62": 5.4414209999999885, 
                                    "d61": 4.282841999999993, 
                                    "d46": 7.112735999999985, 
                                    "d45": 4.153552499999994, 
                                    "d44": []
}