{
                                    "d14": 10.553287500000017, 
                                    "d15": 5.607104999999988, 
                                    "d16": 2.670710499999999, 
                                    "d11": [], 
                                    "d12": 5.902682999999989, 
                                    "d13": 9.502683000000005, 
                                    "d36": 10.289077500000007, 
                                    "d34": 4.403552499999993, 
                                    "d35": 7.974867499999982, 
                                    "d32": 2.7914209999999984, 
                                    "d33": [], 
                                    "d31": 8.72694599999999, 
                                    "d51": 5.89705199999999, 
                                    "d52": 10.911262000000024, 
                                    "d53": 8.140551499999985, 
                                    "d54": 4.041420999999994, 
                                    "d55": [], 
                                    "d56": 3.3177624999999993, 
                                    "d65": 2.957104999999998, 
                                    "d64": 6.49202549999999, 
                                    "d21": 6.27339349999999, 
                                    "d23": 2.7914209999999984, 
                                    "d22": [], 
                                    "d25": 11.147656500000023, 
                                    "d24": 7.174262999999983, 
                                    "d26": 13.432577000000045, 
                                    "d63": 11.252683000000022, 
                                    "d43": 4.403552499999993, 
                                    "d42": 7.174262999999983, 
                                    "d41": 9.514814500000002, 
                                    "d62": 8.925471999999989, 
                                    "d61": 2.670710499999999, 
                                    "d46": 6.8648144999999845, 
                                    "d45": 4.041420999999994, 
                                    "d44": []
}